"","p_val","avg_log2FC","pct.1","pct.2","p_val_adj"
"NEAT1",0,1.33952235930741,0.996,0.989,0
"LMCD1-AS1",3.88115585033646e-185,-0.870682664950215,0.864,0.963,1.03770463970446e-180
"MIR219A2",3.54380157664141e-177,-1.47471034195971,0.563,0.816,9.47506227546613e-173
"LINC01505",1.87182703934822e-132,-1.08840217391706,0.675,0.861,5.00470395510535e-128
"AC093590.1",9.05864455105109e-96,-1.35452621064615,0.23,0.487,2.42200979361453e-91
"OLMALINC",8.75665997394668e-92,0.981053637814298,0.775,0.608,2.34126817723412e-87
"LUCAT1",6.56119663435531e-90,1.84094725075504,0.411,0.182,1.75426714412758e-85
"RP11-202K23.1",4.51387071860266e-80,1.0911436748469,0.485,0.233,1.20687361403279e-75
"RP11-298D21.1",5.00078668597053e-80,0.740081002870587,0.819,0.647,1.33706033622794e-75
"FAM66D",9.41277404209096e-80,-1.12721059275057,0.321,0.546,2.51669339563386e-75
"RP4-613B23.1",1.11350748868211e-77,-1.54808156930518,0.346,0.54,2.97718497248937e-73
"LINC00862",5.55175244953814e-77,1.18289956952234,0.539,0.312,1.48437205243301e-72
"LINC00609",2.12883358841388e-73,-0.3230452692874,0.986,0.995,5.69186236534219e-69
"RFX3-AS1",1.48726480085263e-71,-1.00383352981088,0.346,0.569,3.97649989803968e-67
"CTC-340A15.2",3.95725934748031e-70,-5.55727715395089,0.019,0.145,1.05805243173581e-65
"CTD-2130O13.1",1.30710319318447e-68,1.77036010801302,0.368,0.171,3.49480180761732e-64
"AC144449.1",1.33539346075033e-67,-1.01874221279614,0.278,0.495,3.57044149600817e-63
"MIR325HG",8.71983532352296e-66,-0.835435058052859,0.464,0.669,2.33142237045033e-61
"RP11-580I1.2",5.63883792818215e-60,1.43937231692641,0.277,0.101,1.50765609685806e-55
"LINC01376",4.26081735118118e-59,-2.05689179368346,0.056,0.197,1.13921473518531e-54
"LINC01170",2.83744740736597e-56,-0.749397234465096,0.599,0.753,7.58648313307439e-52
"RP11-557H15.4",1.63968631009542e-55,-1.58357950071959,0.097,0.254,4.38402928730212e-51
"LINC00499",2.46356919004662e-54,3.00062086916643,0.222,0.078,6.58684494342765e-50
"MIR2052HG",9.84722955681027e-54,1.34211016275349,0.33,0.153,2.63285376660436e-49
"RP11-584P21.2",1.94962115494378e-53,1.70292908421274,0.259,0.101,5.21270208197319e-49
"RP11-692D12.1",1.51040295992784e-52,-0.797370779995291,0.389,0.578,4.03836439395906e-48
"AC012593.1",1.39253813543804e-49,-0.590755714543781,0.653,0.801,3.72322921272068e-45
"GLIDR",5.88889754249749e-49,-0.962791792283324,0.275,0.45,1.57451453593755e-44
"RP1-223B1.1",3.40547350443861e-46,-0.624478798997699,0.511,0.686,9.1052145088175e-42
"AC016831.7",1.90311744242943e-45,1.34241380358738,0.328,0.174,5.08836510582357e-41
"AC009120.4",6.72536387917766e-44,-1.13181936791987,0.203,0.363,1.79816054037573e-39
"DANT2",9.49029429524775e-44,-0.654689471693619,0.488,0.651,2.53741998572039e-39
"RP11-72M17.1",1.54707263586339e-43,-1.83087984464199,0.053,0.168,4.13640810650794e-39
"XIST",3.37637431093189e-42,-1.35881498462971,0.078,0.205,9.02741199513859e-38
"RP11-1129I3.1",1.0454807845039e-41,1.7254260956466,0.183,0.062,2.79530197352807e-37
"RP11-284M14.1",1.07960596332604e-41,-0.694563691591051,0.499,0.637,2.88654246414483e-37
"FAM66C",2.47299648170296e-41,-0.906746327174791,0.248,0.407,6.6120506931292e-37
"SPANXA2-OT1",1.23972038855802e-39,-1.13942230051204,0.144,0.285,3.31464040288759e-35
"RP11-428O18.6",3.32785608207475e-39,-1.1175762222309,0.149,0.291,8.89768880664327e-35
"TMEM72-AS1",6.99614196138621e-37,-1.28651081598854,0.075,0.191,1.87055847621583e-32
"RP11-285F7.2",8.35072363193431e-37,-0.822862161596794,0.247,0.402,2.23273297747028e-32
"CTC-529P8.1",5.76593363691997e-36,-0.650873532803974,0.458,0.597,1.54163767650329e-31
"RP11-418J17.1",1.01184429296077e-35,0.738760410368383,0.513,0.363,2.70536808608921e-31
"CH17-189H20.1",1.4593633636593e-33,0.561249463986323,0.765,0.67,3.90189982541587e-29
"RP11-156K13.1",2.71693149894175e-33,-0.807301717980076,0.373,0.5,7.26425974872056e-29
"AP000282.2",3.48519707771784e-33,-1.00362553179656,0.15,0.28,9.31837142669418e-29
"PVRL3-AS1",1.43368438609431e-32,-1.37078375880274,0.048,0.14,3.83324194310037e-28
"RP5-921G16.1",1.55759402982832e-32,0.582437794784189,0.681,0.552,4.16453915755198e-28
"RP11-545I5.3",8.17661245454938e-32,-1.27650240950932,0.119,0.233,2.18618087197287e-27
"LINC01102",9.19976671335445e-31,-0.749811697374412,0.266,0.407,2.45974162614958e-26
"RP11-53O19.1",1.65536003223215e-30,-0.92871124270597,0.179,0.306,4.42593611817911e-26
"BAALC-AS1",2.96016179681405e-30,1.44239703470186,0.165,0.066,7.91458459614173e-26
"RP11-707P17.1",9.21758460574886e-30,0.807818857143438,0.406,0.272,2.46450559603907e-25
"RP11-72L22.1",1.22694946069673e-29,-1.75615073614794,0.037,0.117,3.28049477306486e-25
"AZIN1-AS1",5.11348288039958e-29,-0.991334700541646,0.154,0.273,1.36719191773244e-24
"RP11-141M1.3",1.474287788587e-28,-0.573522513367215,0.452,0.578,3.94180326034507e-24
"RP11-10L12.4",1.1106328093148e-27,1.08181304608444,0.253,0.14,2.96949894226499e-23
"RP11-398G24.2",4.03189114065602e-27,1.95671255570562,0.119,0.04,1.0780067342772e-22
"ENTPD1-AS1",6.06160694511628e-27,-0.462131853550155,0.622,0.725,1.62069184891574e-22
"PAXBP1-AS1",1.54107725003284e-26,-1.08424957970905,0.091,0.19,4.1203782434128e-22
"LINC01630",1.61579775155523e-26,-0.564044369059705,0.468,0.588,4.32015844833321e-22
"LINC01060",2.06139859548066e-26,1.56399171542355,0.15,0.062,5.51156142473664e-22
"BDNF-AS",4.97901336091698e-26,-0.614940379304823,0.392,0.517,1.33123880230837e-21
"ENTPD3-AS1",7.11442850552262e-26,-0.660216674118943,0.393,0.51,1.90218474952158e-21
"CASC2",1.93915820664022e-25,-1.3267073999696,0.059,0.142,5.18472729709396e-21
"AC073283.4",5.04297775699976e-25,0.581649550372584,0.65,0.557,1.34834096288903e-20
"RP11-469A15.2",3.23068101045175e-24,1.36844348697512,0.145,0.062,8.63787181764484e-20
"RP5-864K19.4",4.49894670054188e-24,0.483858486203893,0.621,0.517,1.20288337932388e-19
"THUMPD3-AS1",5.8899997784361e-23,0.702511254692675,0.431,0.319,1.57480924076046e-18
"PWRN1",1.0425742032518e-22,0.473016092848813,0.567,0.433,2.78753064723434e-18
"GMDS-AS1",2.19754241667594e-22,-0.481685673444058,0.501,0.616,5.87556915946645e-18
"RP4-565E6.1",2.72725842080865e-22,-0.387365077824432,0.61,0.708,7.29187083971608e-18
"LINC00467",3.24805250803471e-22,-1.0076147531947,0.115,0.208,8.6843179907324e-18
"RP3-406A7.7",7.36225126077278e-21,0.810702703356395,0.245,0.145,1.96844511959282e-16
"CTD-2269F5.1",1.57232318535404e-20,-0.949847383313152,0.134,0.225,4.20392050068109e-16
"C1orf132",2.1690149031713e-20,0.59739699915141,0.46,0.358,5.7992951466091e-16
"LINC01006",2.20377870719832e-20,-0.976356830643791,0.146,0.239,5.89224312943616e-16
"MCM3AP-AS1",4.01147877000944e-20,1.1494651023549,0.155,0.076,1.07254907873742e-15
"PCA3",1.30932450557724e-19,0.94159497750955,0.275,0.18,3.50074093056186e-15
"AC022182.1",1.39416428879984e-19,-1.21318713413688,0.047,0.112,3.72757705896413e-15
"RP11-326I11.4",3.60970671709006e-19,-1.25448714149767,0.055,0.122,9.65127284948368e-15
"RP5-1198O20.4",6.07989185690627e-19,-1.31154208842347,0.045,0.107,1.62558068578103e-14
"LINC01122",6.92416542708321e-19,-0.849495343350164,0.152,0.245,1.85131411023924e-14
"WDR11-AS1",7.25385959049148e-19,-0.573767624089386,0.238,0.345,1.93946443870971e-14
"LINC00882",7.80704892833583e-19,-0.292433640496023,0.694,0.792,2.08737067196915e-14
"LIFR-AS1",1.12530460064197e-18,-1.09447368852132,0.062,0.131,3.00872691073642e-14
"FAM157C",1.24215555395565e-18,-0.516420171789661,0.297,0.404,3.32115130461121e-14
"RP11-323I15.5",1.5406569069094e-18,-0.629762007322445,0.223,0.325,4.11925437200366e-14
"SAMMSON",1.80416092751119e-18,-1.59635799274221,0.178,0.265,4.82378507188668e-14
"RP11-172H24.4",4.23590465167675e-18,1.15572010756677,0.135,0.065,1.13255382671881e-13
"LINC01184",6.9566822914188e-18,-0.310773657521485,0.589,0.683,1.86000814425665e-13
"RP11-981P6.1",1.04499893215526e-17,-1.13041760813246,0.071,0.139,2.79401364490352e-13
"RP11-518L10.5",1.31710396515026e-17,0.8482032523719,0.223,0.137,3.52154087162226e-13
"ZMIZ1-AS1",1.32493562993152e-17,-1.05991172637876,0.055,0.119,3.5424803937479e-13
"RP11-1000B6.3",1.35544145414274e-17,-0.364387534109741,0.475,0.582,3.62404381594146e-13
"RP11-319G6.1",1.41389741211927e-17,-0.521725187753076,0.346,0.45,3.78033751078329e-13
"LINCR-0001",1.79660216064067e-17,1.25350514285887,0.117,0.053,4.80357519690496e-13
"JPX",2.61435472466913e-17,-0.313836991670703,0.711,0.776,6.99000022734786e-13
"AC011997.1",3.91486267604638e-17,0.65073512962146,0.273,0.179,1.04671683369452e-12
"CTD-2337A12.1",1.32441427134471e-16,-0.568642277100709,0.177,0.272,3.54108643729436e-12
"LINC00271",1.3353646400436e-16,-0.855971738545658,0.12,0.199,3.57036443808458e-12
"RP1-28O10.1",2.5825021855066e-16,-0.924902152790133,0.073,0.14,6.904836093389e-12
"RP11-320P7.2",3.00654308470357e-16,-0.362304085867817,0.428,0.534,8.03859424557194e-12
"DLEU2",4.30566623837305e-16,-0.306961612253245,0.751,0.819,1.1512059821538e-11
"SDCBP2-AS1",1.02096965672113e-15,-0.830596848606881,0.112,0.187,2.72976657117527e-11
"RP11-370I10.6",1.30971692215836e-15,-1.04104599186861,0.059,0.12,3.5017901347748e-11
"RP11-436D23.1",1.58831102908928e-15,-0.258242726273127,0.753,0.824,4.24666719847601e-11
"SUCLG2-AS1",1.75984819684727e-15,-0.539955408542476,0.193,0.285,4.70530612391054e-11
"RP11-525K10.3",2.78292183717743e-15,-1.24658287443979,0.046,0.1,7.44069811606128e-11
"CTD-2260A17.2",3.15700222593993e-15,-0.518277330831055,0.267,0.362,8.44087685149559e-11
"KB-1460A1.5",3.28682093445916e-15,1.05498943268861,0.13,0.067,8.78797313246345e-11
"RP11-17A1.3",3.56373071723662e-15,-0.863532218535384,0.064,0.125,9.52834681867556e-11
"RASSF8-AS1",4.78566600639621e-15,-0.638966415947065,0.204,0.29,1.27954352013015e-10
"LINC01411",6.71824308311788e-15,-0.504633350938774,0.247,0.342,1.79625665313323e-10
"RP11-99E15.2",8.30631964564501e-15,-0.642937407813166,0.216,0.302,2.22086068365611e-10
"ZNF337-AS1",1.68136222985371e-14,-0.618852140487445,0.143,0.223,4.49545819395987e-10
"RP11-983P16.4",1.7615852223035e-14,-0.679792636587229,0.156,0.234,4.70995040887286e-10
"TMEM9B-AS1",1.83779643036041e-14,-0.616376819182079,0.185,0.268,4.91371631585463e-10
"AC007038.7",2.45078653605016e-14,-0.712035739474935,0.138,0.214,6.55266796143731e-10
"LINC00667",2.79207181643251e-14,0.497769319201842,0.435,0.348,7.46516241559559e-10
"RP11-81K2.1",2.97172100959634e-14,0.754876081670804,0.236,0.157,7.94549046335773e-10
"RP11-187O7.3",2.99582930778689e-14,-0.730624858754047,0.164,0.241,8.0099488202298e-10
"MIR181A1HG",3.44730298312123e-14,-0.323862069634342,0.669,0.742,9.21705398597123e-10
"MIR181A2HG",5.05104496208921e-14,-0.713226698712599,0.157,0.235,1.35049789151379e-09
"AC002117.1",6.44000450617573e-14,-0.72483558445646,0.104,0.173,1.7218640048162e-09
"RP11-138A9.2",1.0505677211428e-13,0.979259485050916,0.145,0.082,2.8089029160195e-09
"RP11-286E11.1",1.30004074994255e-13,0.257535012504864,0.804,0.755,3.4759189531214e-09
"RP11-196G11.2",1.45137876199713e-13,0.580552195733838,0.352,0.268,3.88055139595174e-09
"RP11-210M15.2",2.07602474915569e-13,-0.614370365162592,0.152,0.229,5.55066737181758e-09
"NUTM2B-AS1",2.1533960172352e-13,-0.365341550722046,0.535,0.621,5.75753493128174e-09
"RP11-20E24.1",2.50875853720279e-13,-1.0168642934347,0.065,0.122,6.70766770091911e-09
"AC105402.4",3.9266357368138e-13,0.28717667538845,0.684,0.612,1.0498645969519e-08
"AC018647.3",5.94957731234007e-13,-0.675860503336805,0.117,0.186,1.59073848600037e-08
"AF127936.9",6.43662087818055e-13,1.13358441033981,0.101,0.05,1.72095932419913e-08
"RP11-81H3.2",1.22808839094e-12,-0.381699036716565,0.322,0.418,3.28353993085627e-08
"RP11-617F23.1",1.37649720516848e-12,-1.04932400445965,0.052,0.102,3.68034057745896e-08
"SLC8A1-AS1",1.94527212445418e-12,1.21226084864382,0.143,0.085,5.20107407915314e-08
"CTB-161M19.4",1.99754560900194e-12,-0.558323688405423,0.189,0.267,5.3408376947885e-08
"USP3-AS1",4.57823375417439e-12,-0.974004883861407,0.059,0.11,1.22408235885361e-07
"PKN2-AS1",6.20141883954506e-12,-1.28593269200461,0.086,0.141,1.65807335512916e-07
"CTD-2007H13.3",7.63884330259787e-12,-0.391669415073179,0.272,0.355,2.04239753381559e-07
"RAP2C-AS1",1.04235718424992e-11,-0.793933423106726,0.104,0.164,2.786950403529e-07
"MYLK-AS1",1.84320899841874e-11,0.711810498800266,0.178,0.113,4.92818789907217e-07
"CTD-3131K8.2",2.78534310769778e-11,0.627443840188749,0.31,0.237,7.44717186705154e-07
"RP11-83A24.2",3.25627038327495e-11,0.399806575208381,0.521,0.443,8.70629012376223e-07
"AC004540.5",8.88841356537391e-11,-0.748819494133118,0.129,0.191,2.37649513497402e-06
"AC007285.6",1.16067177507131e-10,-0.688013598982202,0.088,0.144,3.10328812500815e-06
"STX18-AS1",1.3001817623495e-10,-0.319879921997084,0.442,0.527,3.47629597799386e-06
"SNHG9",1.31696559313392e-10,0.664748499064416,0.166,0.106,3.52117090636216e-06
"DNAJC27-AS1",1.34327391056465e-10,-0.511550742462269,0.169,0.237,3.5915114546767e-06
"ADARB2-AS1",1.61075489970773e-10,0.793715191957082,0.154,0.098,4.30667537534857e-06
"LINC01266",1.64545498650003e-10,-0.644034891124135,0.152,0.216,4.39945299740514e-06
"LINC00877",2.14304525752025e-10,-0.330480554341004,0.419,0.503,5.72986010503189e-06
"ELMO1-AS1",2.42496036336188e-10,0.571440121208446,0.266,0.199,6.48361652352065e-06
"AL035610.2",3.62780649838717e-10,0.570242942537082,0.223,0.158,9.69966623473777e-06
"CTC-458I2.2",3.89379063063583e-10,0.74523088342754,0.142,0.088,1.0410828009131e-05
"RP5-1180C18.1",4.08944805080709e-10,0.89401443492571,0.126,0.076,1.09339572534429e-05
"RP3-525N10.2",4.90114328112621e-10,-0.451296470849066,0.3,0.372,1.31041867907471e-05
"AC093388.3",5.18890972761712e-10,-0.422185287796582,0.22,0.291,1.38735879387299e-05
"LINC01549",5.28033954812824e-10,-0.535308362010411,0.124,0.184,1.41180438498305e-05
"LINC00844",8.00495759282798e-10,0.639388129818862,0.263,0.198,2.14028551159442e-05
"LINC00685",1.00589798278775e-09,0.508886547956742,0.335,0.267,2.68946943657961e-05
"CH507-528H12.1",1.31299711437608e-09,-0.266435343226627,0.527,0.579,3.51056038470732e-05
"CTD-2175A23.1",1.76527891409036e-09,-0.646661728680763,0.105,0.159,4.71982623260339e-05
"PARD6G-AS1",1.78212554526539e-09,0.968494266676327,0.107,0.062,4.76486907037607e-05
"LINC01563",1.80005662575152e-09,-0.816344545487576,0.058,0.101,4.81281140027184e-05
"RP11-756H20.1",2.10135839567763e-09,0.665479400084228,0.124,0.075,5.61840194252328e-05
"KIF9-AS1",2.83398380566503e-09,-0.384390482436523,0.29,0.364,7.57722250120659e-05
"SEPT7-AS1",4.12032596786145e-09,-0.748920952004562,0.077,0.124,0.000110165155402712
"LMF1-AS1",5.6361894852742e-09,0.80241167722974,0.109,0.065,0.000150694798267776
"ZNF790-AS1",5.79859342616237e-09,-0.498680154015781,0.101,0.152,0.000155036992435303
"MIATNB",7.07630537616582e-09,-0.568907710466408,0.114,0.167,0.000189199176842545
"RP11-69I8.3",8.21614986414621e-09,-0.845330593806698,0.072,0.117,0.000219675198917677
"POT1-AS1",8.38948776141811e-09,-0.323210155541286,0.369,0.438,0.000224309734277036
"LINC00476",9.28349576830384e-09,-0.417247078701086,0.288,0.355,0.00024821282635714
"MIR646HG",1.03397563486165e-08,0.56504485334333,0.188,0.132,0.000276454065492961
"RP11-572M11.4",1.05248883971852e-08,-0.450171342109091,0.13,0.187,0.000281403941075542
"RP11-554F20.1",1.23716772508063e-08,-0.399812042636718,0.21,0.276,0.000330781534654807
"RP5-894A10.2",1.5925667299562e-08,0.54066579621589,0.28,0.221,0.00042580456658839
"RP11-197K3.1",1.67502680330594e-08,0.61545370487644,0.16,0.109,0.00044785191639991
"FLG-AS1",1.69804555182719e-08,-0.853174914738633,0.082,0.127,0.000454006439192037
"RP11-387H17.4",1.79963346657633e-08,0.739941085597702,0.133,0.086,0.000481167999958514
"RP1-122P22.2",1.9518253848375e-08,-0.348033051703236,0.284,0.352,0.000521859553144003
"SEC24B-AS1",2.25996342409735e-08,-0.795522675530183,0.062,0.103,0.00060424642070091
"RP1-167A14.2",2.26955098196661e-08,-0.659067414730728,0.075,0.119,0.000606809846048412
"RP11-527F13.1",2.9225062423122e-08,0.850804531781667,0.104,0.062,0.000781390494007012
"RP11-98I9.4",2.95308738920255e-08,-0.659567633859674,0.075,0.119,0.000789566975251087
"RP11-96H19.1",3.24050997102721e-08,-0.524032267919884,0.115,0.167,0.000866415150953545
"LINC00240",4.13559984605381e-08,-0.540363142867893,0.155,0.209,0.00110573533083941
"OTUD6B-AS1",4.29015954310489e-08,0.506020752509918,0.231,0.175,0.00114705995703995
"RP11-154D17.1",4.32697497916472e-08,-0.734549700816836,0.08,0.124,0.00115690330017927
"RP11-849I19.1",4.76451523872161e-08,-0.585172407665623,0.165,0.218,0.001273888439377
"LINC01285",4.83574738586966e-08,-0.499734107403223,0.133,0.187,0.00129293377855997
"RP11-294J22.6",5.46441747368661e-08,0.744947836303904,0.114,0.072,0.00146102129993959
"CRNDE",5.73715169810411e-08,0.372329171772471,0.227,0.166,0.0015339422495221
"RP11-679C8.2",8.20698358446769e-08,-0.517243607513738,0.198,0.257,0.00219430120097913
"TTN-AS1",9.64749863860914e-08,-0.367635677415211,0.352,0.418,0.00257945171100492
"RP11-239H6.2",1.34219061664693e-07,-0.964258659363761,0.067,0.105,0.00358861505172888
"CTC-444N24.11",1.39174862100166e-07,0.261446615906206,0.517,0.452,0.00372111828797213
"LINC00511",1.40469455237616e-07,0.635399768948225,0.322,0.27,0.00375573182468813
"RP11-138I17.1",1.91134243537181e-07,-0.490033612268325,0.164,0.218,0.00511035626945361
"RP11-16D22.2",1.9699623394297e-07,0.527492183472193,0.412,0.357,0.00526708830693318
"ZBED5-AS1",2.22582665964548e-07,-0.596327823363989,0.101,0.147,0.00595119273989413
"RP13-188A5.1",2.27784579574731e-07,-0.373822483254867,0.192,0.248,0.00609027630408959
"CTD-2215E18.1",2.42439650705549e-07,-0.445057154722072,0.188,0.242,0.00648210894091425
"RP11-9G1.3",3.64517202347614e-07,-0.383582776789585,0.212,0.269,0.00974609643916817
"CTC-459F4.3",4.73874885070573e-07,-0.669116612597485,0.118,0.162,0.0126699928021319
"SERTAD4-AS1",5.30264068035372e-07,0.634577967087075,0.107,0.068,0.0141776703870617
"RP5-1021I20.5",5.43218516397796e-07,0.705744841157921,0.133,0.091,0.0145240334729279
"RP11-1000B6.8",5.78581917964873e-07,-0.478404450172556,0.109,0.154,0.0154695447406268
"RP11-156L14.1",6.49238297279597e-07,-0.279916337964918,0.26,0.322,0.0173586843543646
"RP4-756G23.5",8.30942052365285e-07,-0.525166592115561,0.124,0.17,0.0222168976540906
"RP11-147L13.15",1.26748123256562e-06,0.794717171174642,0.101,0.066,0.0338886457151069
"RP11-120D5.1",1.34428079366152e-06,-0.378965645955434,0.132,0.179,0.0359420355801279
"DICER1-AS1",1.42108836799362e-06,-0.366803868331837,0.252,0.307,0.0379956396950455
"RP11-760H22.2",1.45587031264645e-06,0.675209900917045,0.115,0.076,0.038925604549228
"RP11-1007O24.3",1.51573413051105e-06,0.421295653819866,0.191,0.142,0.0405261834474738
"RP11-371F15.3",1.57687756376043e-06,0.440670086403071,0.22,0.171,0.0421609754222625
"LINC00159",2.12681846224173e-06,0.630248813250691,0.126,0.086,0.056864745224957
"FAM13A-AS1",2.28324164441957e-06,0.472735764649945,0.272,0.221,0.061047031846846
"RP11-496D24.2",2.45444287285008e-06,-0.30378118763897,0.173,0.224,0.0656244390913926
"FSIP2-AS1",2.50040091093816e-06,-0.681094557757453,0.089,0.127,0.0668532191557535
"RP11-356J5.12",2.53080508739208e-06,-0.386445288470242,0.127,0.172,0.067666135621602
"FAM66B",2.63523130098716e-06,-0.424281086945024,0.165,0.214,0.0704581792944937
"LINC00847",3.3263237423754e-06,0.646948406275709,0.113,0.076,0.0889359178998911
"RP11-703M24.5",3.40179997462515e-06,-0.811276478799114,0.067,0.101,0.0909539259215526
"RP11-480D4.1",3.61511696026561e-06,-0.419057182162631,0.185,0.235,0.0966573821666215
"LINC01481",3.90584059370761e-06,-0.474249049711293,0.207,0.256,0.10443045995396
"RP11-110G21.1",4.32308294789481e-06,-0.41483994384038,0.08,0.118,0.115586268777863
"RP11-944L7.4",4.67107048085852e-06,-0.354873956318011,0.163,0.211,0.124890411446714
"LINC01572",5.30188783585616e-06,-0.371142030064498,0.227,0.278,0.141756575067286
"LINC00323",5.64052998638909e-06,0.465311817102213,0.229,0.182,0.150810850246085
"RP11-596C23.6",8.62563140511493e-06,0.642083996721635,0.102,0.069,0.230623506878558
"AP000462.2",1.11785182316558e-05,0.515322947466686,0.121,0.085,0.298880041959781
"SNHG22",1.40150408302025e-05,-0.407146162869126,0.124,0.165,0.374720146677123
"PHF1",1.44655064987786e-05,0.433876568261105,0.209,0.164,0.386764247257844
"bP-21264C1.2",1.48347326173775e-05,-0.313548576408672,0.26,0.309,0.396636245990821
"RP11-296K13.4",1.57918970519006e-05,-0.355446595518686,0.13,0.172,0.422227951476666
"RP11-1079K10.3",1.58069466095082e-05,0.638341923159332,0.129,0.094,0.422630331498421
"AC012358.8",1.76672039678109e-05,-0.414862144040545,0.103,0.14,0.472368032487359
"SCOC-AS1",1.78179659373728e-05,-0.418638517495224,0.092,0.128,0.476398955267537
"LINC01004",1.97007369105716e-05,0.309337216213216,0.428,0.383,0.526738602777952
"AC010884.1",1.9795763008639e-05,0.39973097453907,0.171,0.129,0.529279315561981
"AC137934.1",2.05852809984314e-05,0.480622022570503,0.151,0.113,0.550388658055061
"RP4-555D20.2",2.1777105176264e-05,0.485727121433658,0.188,0.146,0.58225446109777
"XXbac-BPG55C20.7",2.2198623381619e-05,0.301488319481366,0.331,0.282,0.593524593354346
"EIF3J-AS1",3.27202323583888e-05,0.430741451533724,0.236,0.193,0.874840852566242
"HPN-AS1",3.29088510188737e-05,0.30389234609459,0.311,0.263,0.879883949691625
"CTD-2341M24.1",3.82061100606485e-05,-0.320934555533568,0.184,0.227,1
"LENG8-AS1",4.61153105230784e-05,-0.362256965588055,0.074,0.106,1
"RP11-398K22.12",4.62506528004153e-05,-0.3839883244285,0.142,0.182,1
"MAPKAPK5-AS1",4.64681141150709e-05,0.470554714086814,0.103,0.072,1
"RP11-189B4.7",6.97174699071333e-05,0.555577297288985,0.106,0.076,1
"RP3-414A15.2",7.42474125235042e-05,0.683257029370457,0.118,0.087,1
"PSMB1",8.49179554368439e-05,0.274122730485446,0.405,0.362,1
"CTD-3193K9.4",0.000124958262862627,-0.29415258587866,0.092,0.125,1
"LINC00598",0.000133892401058329,0.442906813628995,0.173,0.137,1
"RP11-16B9.1",0.000157985583983714,0.542318263032964,0.117,0.087,1
"LINC00662",0.000159130097990606,0.271886526262026,0.373,0.329,1
"LINC00630",0.000179092411076692,-0.277848573079832,0.163,0.201,1
"RP11-299J3.8",0.000183573479640207,-0.345203902202414,0.131,0.166,1
"RP11-774D14.1",0.000207990747453085,0.267781016707122,0.473,0.435,1
"AC099850.1",0.000238157240531533,-0.367685389990553,0.085,0.114,1
"LINC01080",0.000371758922405851,-0.406254334804282,0.12,0.153,1
"AC007193.6",0.000376006662032462,0.256925892134016,0.383,0.34,1
"RP11-475O6.1",0.000387566393323036,-0.279070996887912,0.099,0.129,1
"AF001548.5",0.000401947586156564,-0.370629870624362,0.104,0.135,1
"RP11-66B24.1",0.000417244320812889,-0.315235605382301,0.14,0.174,1
"RP11-195C7.1",0.000421629280585914,-0.254364200939965,0.125,0.159,1
"DNAJC3-AS1",0.000426035096035552,0.25034243610127,0.153,0.119,1
"CH507-216K13.2",0.000446244473917616,-0.314617058086943,0.078,0.106,1
"RP5-1044H5.1",0.000505156706684828,0.492135195494709,0.207,0.174,1
"LINC01315",0.00052671570320703,0.379532165574006,0.201,0.166,1
"RP11-378J18.9",0.000581626792403479,-0.281623255462964,0.117,0.149,1
"RP11-799O21.2",0.000678878495880482,0.255384268020945,0.318,0.28,1
"ZSCAN16-AS1",0.000716613653258273,0.362205151942517,0.213,0.177,1
"SLC6A1-AS1",0.000718546680658196,-0.492554222368188,0.14,0.17,1
"LINC01473",0.000903226421931147,-0.303906588580237,0.215,0.25,1
"AC016907.3",0.00106040901732115,-0.30985767075667,0.082,0.108,1
"LINC00461",0.00114569482416843,-0.307872023162695,0.084,0.109,1
"LL22NC03-2H8.5",0.00122280268660997,-0.279363179550907,0.222,0.256,1
"RFPL1S",0.0013250134033636,-0.403519579096161,0.087,0.112,1
"OSER1-AS1",0.00135363696387539,0.400379155860023,0.15,0.12,1
"PRKCA-AS1",0.00146631923785742,0.514674967468306,0.105,0.081,1
"AB015752.3",0.00173877415887544,-0.460860301664799,0.095,0.12,1
"AC023590.1",0.0017742376380188,0.395927072491619,0.185,0.156,1
"CTD-2033A16.3",0.00184461797946234,0.53351275833635,0.107,0.083,1
"CASC15",0.00186829610964763,-0.3561935618,0.095,0.12,1
"LINC01358",0.00190590995429338,-0.396095209526738,0.095,0.12,1
"UFL1-AS1",0.00200374077730229,-0.356264181203512,0.078,0.102,1
"RP11-809C18.3",0.00202693641682076,-0.256105061367809,0.125,0.155,1
"AC037445.1",0.00228356622881319,0.285248888156632,0.131,0.105,1
"RP11-152L20.3",0.00228668179628065,0.41839387620093,0.103,0.079,1
"AF146191.4",0.00307241686320226,0.27058726494334,0.264,0.231,1
"LINC00265",0.00328075510975176,-0.253307827738298,0.094,0.119,1
"RP11-4B14.3",0.00333462653798446,-0.351432444478836,0.119,0.145,1
"PIK3IP1-AS1",0.00349245318339913,-0.298545860202,0.083,0.106,1
"LINC00342",0.00469695429204207,-0.265231646982699,0.11,0.136,1
"TMEM246-AS1",0.004702102008177,-0.276826720041409,0.139,0.167,1
"MIR4300HG",0.00516945404338271,0.31979395678068,0.217,0.189,1
"TMEM254-AS1",0.00560953304331395,-0.340935828006665,0.091,0.113,1
"SMIM10L1",0.00576699890543973,0.286344621312417,0.141,0.116,1
"LINC00506",0.00614896521949305,-0.313411360056633,0.137,0.162,1
"LINC00843",0.00674531353744775,0.345313579725479,0.199,0.172,1
"CRHR1",0.0069843019585461,0.300594725939493,0.217,0.191,1
"RP11-386G11.10",0.00845423365805834,-0.314586643052545,0.082,0.103,1
"LINC00907",0.00889944895640587,-0.486877916746042,0.089,0.109,1
"RP11-539L10.3",0.00925998148330381,0.282234863802355,0.117,0.095,1
"LINC00106",0.0127467202350086,-0.282039331278941,0.08,0.1,1
"APTR",0.0128682303803762,0.35322380576771,0.159,0.137,1
"LINC00886",0.014704160514337,0.321235505794191,0.109,0.09,1
"AP000487.6",0.0149219670105024,0.262362335418739,0.133,0.11,1
"LINC01301",0.0176162083750784,-0.296634400659723,0.098,0.117,1
"LINC00909",0.025207234195907,-0.317640046405659,0.092,0.109,1
"RP11-665G4.1",0.0273894039590391,-0.388873562188411,0.211,0.233,1
"CTD-2516F10.2",0.0275960890883267,0.390522245636446,0.145,0.126,1
"AP006621.5",0.0286156846449257,0.356323239592522,0.134,0.115,1
"LINC01137",0.02968153053894,-0.262047917182341,0.11,0.129,1
"RP13-941N14.1",0.0326348229399814,0.386641506988626,0.115,0.098,1
"RP4-537K23.4",0.0338053207329849,0.507974220732554,0.122,0.106,1
"C21orf91-OT1",0.037873043962852,0.42541631381368,0.128,0.111,1
"RP11-10K17.6",0.0407854516372706,-0.261090188381445,0.088,0.103,1
"LINC00665",0.0429320157191999,-0.347577394017932,0.086,0.101,1
"RP11-711K1.8",0.0478783644285686,0.324350138114013,0.141,0.125,1
"MAP3K14",0.0627172478215536,0.362963569140069,0.106,0.093,1
"FLJ37453",0.0653058304383644,-0.299884519641179,0.103,0.117,1
"LINC00987",0.0696397447128388,0.408844268657728,0.12,0.106,1
"CTD-2034I21.1",0.0710430190930302,-0.252403220472053,0.087,0.101,1
"RP1-234P15.4",0.0910138292242417,-0.258742445312008,0.087,0.1,1
"LURAP1L-AS1",0.122312174530209,-0.378770181195696,0.218,0.229,1
"PCDH9-AS1",0.16252290237795,0.270111074695794,0.163,0.151,1
"CTD-2349P21.11",0.253423574628671,0.266525491253845,0.114,0.105,1
