"gene","cluster_id","logFC","p_val","p_adj.loc"
"F11-AS1","Astrocytes",-2.53,2.58e-09,1.04e-06
"RP11-243A14.1","Astrocytes",2.17,3.29e-09,1.04e-06
"LINC00907","Astrocytes",2.08,1.81e-09,1.04e-06
"RP11-418I22.3","Astrocytes",1.95,1.37e-06,0.000323
"RP11-306O13.1","Astrocytes",-2.77,1.97e-06,0.000355
"LINC01481","Astrocytes",-1.34,2.63e-06,0.000355
"U91319.1","Astrocytes",1.81,2.51e-06,0.000355
"RP11-4B14.3","Astrocytes",-1.66,4.95e-06,0.00052
"CTC-498M16.4","Astrocytes",-1.3,4.82e-06,0.00052
"LINC00299","Astrocytes",-0.903,1.69e-05,0.00133
"CPEB1-AS1","Astrocytes",1.39,1.43e-05,0.00133
"LINC00159","Astrocytes",1.76,1.6e-05,0.00133
"LINC00862","Astrocytes",1.74,2.29e-05,0.00154
"RP11-6O2.3","Astrocytes",1.85,2.25e-05,0.00154
"NEAT1","Astrocytes",1.43,2.87e-05,0.00181
"RP11-522B15.3","Astrocytes",-1.25,4.64e-05,0.00274
"AC012593.1","Astrocytes",-1.7,5.11e-05,0.00284
"LINC01094","Astrocytes",0.855,0.000117,0.00615
"RP11-469A15.2","Astrocytes",1.71,0.000129,0.00628
"UFL1-AS1","Astrocytes",-1.04,0.000144,0.00628
"RP11-317J19.1","Astrocytes",1.11,0.000146,0.00628
"RP11-418I22.2","Astrocytes",1.81,0.000142,0.00628
"RP11-624L4.1","Astrocytes",1.31,0.000169,0.00694
"RP11-307B6.3","Astrocytes",-1.33,0.000221,0.00751
"LINC01376","Astrocytes",-1.12,0.000207,0.00751
"LINC01239","Astrocytes",-1.42,0.00023,0.00751
"RP11-305L7.3","Astrocytes",1.98,0.000216,0.00751
"TMEM72-AS1","Astrocytes",-1.22,0.000227,0.00751
"LINC00640","Astrocytes",1.82,0.000225,0.00751
"TMCC1-AS1","Astrocytes",1.32,0.000274,0.00836
"RP11-736K20.5","Astrocytes",-1.7,0.000271,0.00836
"KB-1460A1.5","Astrocytes",1.47,0.000339,0.00992
"RP5-1021I20.5","Astrocytes",0.933,0.000347,0.00992
"RP11-57H12.3","Astrocytes",-1.05,0.000378,0.0105
"CTC-498M16.2","Astrocytes",-1.03,0.000402,0.0107
"OLMALINC","Astrocytes",1.03,0.000406,0.0107
"RP11-739N20.2","Astrocytes",1.58,0.000451,0.0115
"RP11-3B12.2","Astrocytes",-0.994,0.000552,0.0137
"RP11-284M14.1","Astrocytes",-0.837,0.000602,0.0146
"AC079305.11","Astrocytes",-1.25,0.000711,0.0167
"PARD6G-AS1","Astrocytes",1.59,0.000724,0.0167
"PAXBP1-AS1","Astrocytes",-1.19,0.000772,0.0174
"RP11-1129I3.1","Astrocytes",1.92,0.000796,0.0175
"SNAP25-AS1","Astrocytes",1.5,0.000896,0.0192
"THUMPD3-AS1","Astrocytes",0.919,0.00095,0.0195
"RP11-72M17.1","Astrocytes",-1.49,0.000938,0.0195
"ZMIZ1-AS1","Astrocytes",-1.24,0.00132,0.0265
"CTC-255N20.1","Astrocytes",1.09,0.00135,0.0266
"RP11-10L12.4","Astrocytes",1.14,0.00149,0.0288
"CTC-232P5.1","Astrocytes",1.88,0.00161,0.0304
"AP000318.2","Astrocytes",0.92,0.00167,0.031
"RP11-563J2.2","Astrocytes",-1.45,0.0018,0.0327
"ERVMER61-1","Astrocytes",-1.33,0.00191,0.0329
"RP11-462L8.1","Astrocytes",1.32,0.00187,0.0329
"RP11-20E24.1","Astrocytes",-1.13,0.00195,0.0329
"RP11-428O18.6","Astrocytes",-1.16,0.0019,0.0329
"RP11-21A7A.2","Astrocytes",1.06,0.00201,0.0333
"CH17-360D5.2","Astrocytes",1.28,0.00208,0.0334
"CRNDE","Astrocytes",0.778,0.00208,0.0334
"SMIM2-AS1","Astrocytes",-1.33,0.00223,0.0352
"AC007682.1","Astrocytes",-1.45,0.00232,0.036
"FLJ16779","Astrocytes",-1.7,0.00236,0.036
"ADAMTS9-AS2","Astrocytes",0.801,0.00251,0.0376
"PVRL3-AS1","Astrocytes",-1.23,0.00261,0.038
"CTD-2516F10.2","Astrocytes",0.853,0.00257,0.038
"ZFHX4-AS1","Astrocytes",-1.28,0.00272,0.0389
"RP11-665G4.1","Astrocytes",-1.19,0.00313,0.0429
"RP11-554F20.1","Astrocytes",-0.718,0.0031,0.0429
"AP000230.1","Astrocytes",1.03,0.00305,0.0429
"CTC-559E9.4","Astrocytes",0.995,0.00338,0.0457
"AC144449.1","Astrocytes",-0.724,0.00351,0.0467
"CH17-189H20.1","Astrocytes",0.938,0.00376,0.0493
"AP000797.3","Ependymal Cells",-2.95,7.18e-05,0.0434
"DLX6-AS1","Excitatory Neurons (SubtypeA)",-8.26,1.41e-28,2.32e-25
"LINC01376","Excitatory Neurons (SubtypeA)",-1.2,1.14e-08,9.39e-06
"CTD-2544M6.1","Excitatory Neurons (SubtypeA)",-1.38,3.66e-08,2.01e-05
"LINC00923","Excitatory Neurons (SubtypeA)",-1.19,2.29e-07,9.4e-05
"RP11-475O6.1","Excitatory Neurons (SubtypeA)",-1.1,3.22e-07,0.000106
"MIR222HG","Excitatory Neurons (SubtypeA)",-3.17,1.77e-06,0.00047
"LINC01310","Excitatory Neurons (SubtypeA)",-2.75,2e-06,0.00047
"RP11-1129I3.1","Excitatory Neurons (SubtypeA)",1.11,4.25e-06,0.000777
"CTD-2009A10.1","Excitatory Neurons (SubtypeA)",1.29,4.05e-06,0.000777
"RP11-154H17.1","Excitatory Neurons (SubtypeA)",-1.61,5.18e-06,0.000852
"DKFZP434L187","Excitatory Neurons (SubtypeA)",2.09,8.63e-06,0.00126
"RP11-522B15.3","Excitatory Neurons (SubtypeA)",-2.28,9.21e-06,0.00126
"RP11-428O18.6","Excitatory Neurons (SubtypeA)",-0.954,1.08e-05,0.00137
"PKN2-AS1","Excitatory Neurons (SubtypeA)",-1.53,3.32e-05,0.00341
"AC079154.1","Excitatory Neurons (SubtypeA)",1.29,3.17e-05,0.00341
"AC008060.7","Excitatory Neurons (SubtypeA)",3.35,3.06e-05,0.00341
"RP11-351M8.2","Excitatory Neurons (SubtypeA)",-1.04,4.07e-05,0.00394
"RP11-692D12.1","Excitatory Neurons (SubtypeA)",-0.791,5.17e-05,0.00447
"AC091814.2","Excitatory Neurons (SubtypeA)",1.77,4.91e-05,0.00447
"TEX41","Excitatory Neurons (SubtypeA)",-2.3,6.77e-05,0.00557
"RP11-679B19.1","Excitatory Neurons (SubtypeA)",2.17,8.17e-05,0.0064
"AC005592.2","Excitatory Neurons (SubtypeA)",-0.883,8.57e-05,0.00641
"RP11-446J8.1","Excitatory Neurons (SubtypeA)",-1.07,0.000105,0.00753
"RP11-337C18.8","Excitatory Neurons (SubtypeA)",0.651,0.000116,0.00795
"RP11-197K6.1","Excitatory Neurons (SubtypeA)",-1.46,0.000131,0.00812
"LINC00271","Excitatory Neurons (SubtypeA)",-0.898,0.000133,0.00812
"KB-1507C5.4","Excitatory Neurons (SubtypeA)",-0.948,0.000124,0.00812
"RP11-60I3.4","Excitatory Neurons (SubtypeA)",1.73,0.000147,0.00836
"AC007796.1","Excitatory Neurons (SubtypeA)",-1.21,0.000147,0.00836
"LINC01239","Excitatory Neurons (SubtypeA)",-2.29,0.000171,0.00936
"RP11-20E24.1","Excitatory Neurons (SubtypeA)",-1.26,0.000182,0.00968
"PVRL3-AS1","Excitatory Neurons (SubtypeA)",-1.23,0.000205,0.0102
"RP11-1007O24.3","Excitatory Neurons (SubtypeA)",0.884,0.000201,0.0102
"RP11-146I2.1","Excitatory Neurons (SubtypeA)",2.33,0.000218,0.0105
"RP11-305L7.3","Excitatory Neurons (SubtypeA)",1.01,0.000223,0.0105
"RP11-804N13.1","Excitatory Neurons (SubtypeA)",-0.829,0.000233,0.0106
"AF146191.4","Excitatory Neurons (SubtypeA)",0.562,0.000265,0.0112
"CTD-2140G10.2","Excitatory Neurons (SubtypeA)",1.11,0.000252,0.0112
"MIR7-3HG","Excitatory Neurons (SubtypeA)",-1.61,0.000264,0.0112
"CTC-575N7.1","Excitatory Neurons (SubtypeA)",-1.2,0.000288,0.0113
"TARID","Excitatory Neurons (SubtypeA)",-3.39,0.000286,0.0113
"INHBA-AS1","Excitatory Neurons (SubtypeA)",-0.853,0.000274,0.0113
"RP3-331H24.5","Excitatory Neurons (SubtypeA)",1.26,0.000325,0.0124
"SPANXA2-OT1","Excitatory Neurons (SubtypeA)",-0.691,0.000359,0.0134
"RP11-284M14.1","Excitatory Neurons (SubtypeA)",0.789,0.000407,0.0149
"RP11-664H17.1","Excitatory Neurons (SubtypeA)",-0.898,0.000444,0.0159
"RP11-434D9.1","Excitatory Neurons (SubtypeA)",-2.55,0.000477,0.0164
"RP5-1021I20.5","Excitatory Neurons (SubtypeA)",0.708,0.000477,0.0164
"RP11-314P15.2","Excitatory Neurons (SubtypeA)",1.48,0.000525,0.0176
"RP11-399K21.11","Excitatory Neurons (SubtypeA)",-2.28,0.000586,0.0193
"AC067959.1","Excitatory Neurons (SubtypeA)",-1.87,8e-04,0.0258
"LYPLAL1-AS1","Excitatory Neurons (SubtypeA)",0.987,0.000953,0.029
"RP11-142A5.1","Excitatory Neurons (SubtypeA)",-0.905,0.000933,0.029
"ZMIZ1-AS1","Excitatory Neurons (SubtypeA)",-0.91,0.000927,0.029
"RP11-405A12.2","Excitatory Neurons (SubtypeA)",-0.994,0.00101,0.0302
"LINC01006","Excitatory Neurons (SubtypeA)",-0.798,0.00109,0.0321
"AC007563.5","Excitatory Neurons (SubtypeA)",-0.87,0.00119,0.0343
"RP11-416N4.4","Excitatory Neurons (SubtypeA)",1.33,0.00126,0.0358
"ZFHX4-AS1","Excitatory Neurons (SubtypeA)",0.87,0.00138,0.0385
"CTC-498M16.4","Excitatory Neurons (SubtypeA)",-1.09,0.00169,0.0464
"RP4-651E10.4","Excitatory Neurons (SubtypeA)",0.923,0.00178,0.048
"LINC01322","Inhibitory Neurons",2.02,3.5e-09,1.23e-06
"RP4-625H18.2","Inhibitory Neurons",-1.36,1.35e-06,0.000237
"AC007563.5","Inhibitory Neurons",1.81,2.05e-05,0.0024
"KCNQ1OT1","Inhibitory Neurons",-1.07,7.21e-05,0.00506
"RP5-1021I20.5","Inhibitory Neurons",2.24,6.11e-05,0.00506
"RP11-30J20.1","Inhibitory Neurons",1.36,0.000234,0.012
"RP11-323I15.5","Inhibitory Neurons",-1.51,0.000239,0.012
"RP11-692D12.1","Inhibitory Neurons",-1.16,0.000312,0.0137
"CTC-467M3.1","Inhibitory Neurons",-1.73,0.00037,0.0144
"LINC00320","Inhibitory Neurons",2.02,0.000489,0.0172
"RP11-238K6.1","Inhibitory Neurons",-1.48,0.000721,0.023
"PKN2-AS1","Inhibitory Neurons",-1.94,0.00153,0.0449
"LINC00970","Inhibitory Neurons",-1.03,0.00172,0.0465
"RAP2C-AS1","Microglia",-1.33,1.38e-05,0.00587
"LINC00862","Microglia",1.39,0.000154,0.0253
"RP11-72M17.1","Microglia",-2.16,0.000178,0.0253
"LUCAT1","Oligodendrocytes",1.73,5.92e-07,0.000979
"LINC01376","Oligodendrocytes",-1.72,2.29e-06,0.00126
"RP11-557H15.4","Oligodendrocytes",-1.73,2.02e-06,0.00126
"AC144449.1","Oligodendrocytes",-0.83,3.31e-06,0.00137
"RP11-326I11.4","Oligodendrocytes",-1.17,8.63e-06,0.00238
"AC009120.4","Oligodendrocytes",-1.02,7.63e-06,0.00238
"RP4-613B23.1","Oligodendrocytes",-1.28,1.14e-05,0.00249
"RP3-453C12.15","Oligodendrocytes",2.58,1.2e-05,0.00249
"CTC-340A15.2","Oligodendrocytes",-5.44,2.17e-05,0.00398
"GLIDR","Oligodendrocytes",-0.844,3.24e-05,0.00536
"RP5-1180C18.1","Oligodendrocytes",0.96,4.59e-05,0.00571
"AC097724.3","Oligodendrocytes",-1.46,4.29e-05,0.00571
"RP1-261D10.2","Oligodendrocytes",-1.8,3.84e-05,0.00571
"PAXBP1-AS1","Oligodendrocytes",-0.942,4.83e-05,0.00571
"RP11-305L7.3","Oligodendrocytes",1.28,5.39e-05,0.00593
"AC017074.2","Oligodendrocytes",1.62,7.85e-05,0.00683
"RP11-167H9.4","Oligodendrocytes",-1.38,6.75e-05,0.00683
"RP11-72M17.1","Oligodendrocytes",-1.54,7.82e-05,0.00683
"MCM3AP-AS1","Oligodendrocytes",1.18,7.06e-05,0.00683
"RP11-428O18.6","Oligodendrocytes",-1.01,0.000122,0.0101
"PKN2-AS1","Oligodendrocytes",-1.2,0.000146,0.0111
"RP11-1129I3.1","Oligodendrocytes",1.66,0.000148,0.0111
"ZFHX4-AS1","Oligodendrocytes",-1.3,0.000182,0.0131
"RP11-584P21.2","Oligodendrocytes",1.43,0.000193,0.0133
"SPANXA2-OT1","Oligodendrocytes",-0.998,0.000207,0.0137
"RP11-53O19.1","Oligodendrocytes",-0.792,0.00023,0.0146
"RP11-707A18.1","Oligodendrocytes",3.58,0.000257,0.0157
"MYLK-AS1","Oligodendrocytes",0.806,0.000305,0.0174
"NEAT1","Oligodendrocytes",1.29,0.000296,0.0174
"USP3-AS1","Oligodendrocytes",-0.823,0.00033,0.0182
"LYPLAL1-AS1","Oligodendrocytes",-1.09,0.000351,0.0187
"AC079807.4","Oligodendrocytes",-1.52,0.000369,0.0191
"FBXL19-AS1","Oligodendrocytes",1.9,0.000383,0.0192
"RFX3-AS1","Oligodendrocytes",-0.896,0.000423,0.0202
"MIR181A2HG","Oligodendrocytes",-0.666,0.000429,0.0202
"RP11-370I10.6","Oligodendrocytes",-0.952,0.000505,0.0232
"AC022182.1","Oligodendrocytes",-1.15,0.000554,0.0247
"RP11-384F7.2","Oligodendrocytes",2.06,0.000632,0.0268
"SDCBP2-AS1","Oligodendrocytes",-0.645,0.000627,0.0268
"RP11-1029J19.5","Oligodendrocytes",-1.87,0.000661,0.0273
"RP5-1021I20.5","Oligodendrocytes",0.698,0.000707,0.0285
"AZIN1-AS1","Oligodendrocytes",-0.808,0.000849,0.0334
"RP11-355F16.1","Oligodendrocytes",-0.914,0.000902,0.034
"RP11-712L6.5","Oligodendrocytes",1.79,0.000906,0.034
"RP11-418J17.1","Oligodendrocytes",0.745,0.000963,0.0346
"LINC00862","Oligodendrocytes",1.07,0.000954,0.0346
"THUMPD3-AS1","Oligodendrocytes",0.707,0.00106,0.0351
"LINCR-0001","Oligodendrocytes",1.33,0.00101,0.0351
"RP11-563J2.2","Oligodendrocytes",-1.93,0.00106,0.0351
"AC002310.12","Oligodendrocytes",1.25,0.00104,0.0351
"AC074289.1","Oligodendrocytes",-1.11,0.00141,0.044
"CA3-AS1","Oligodendrocytes",1.33,0.00138,0.044
"RP11-398G24.2","Oligodendrocytes",1.73,0.0014,0.044
"RP11-10L12.4","Oligodendrocytes",1.03,0.00147,0.0444
"RP11-545I5.3","Oligodendrocytes",-1.05,0.00153,0.0444
"AC004112.4","Oligodendrocytes",-1.18,0.00149,0.0444
"AC002117.1","Oligodendrocytes",-0.716,0.00151,0.0444
"AC144652.1","Oligodendrocytes",0.987,0.00158,0.045
"RP11-20E24.1","Oligodendrocytes",-0.827,0.00175,0.049
"SLC2A1-AS1","Oligodendrocytes",-1.09,0.00188,0.0493
"LMCD1-AS1","Oligodendrocytes",-0.675,0.00188,0.0493
"GDNF-AS1","Oligodendrocytes",-1.06,0.00188,0.0493
"RP11-476H16.1","Oligodendrocytes",1.29,0.00179,0.0493
"RP11-804N13.1","Oligodendrocytes precursor cells (OPCs)",-1.53,1.13e-07,9.41e-05
"CASC2","OPALIN+ Oligodendrocytes",-1.21,1.06e-08,1.47e-05
"AC017074.2","OPALIN+ Oligodendrocytes",2.05,1.34e-07,9.27e-05
"RP11-326I11.4","OPALIN+ Oligodendrocytes",-1.32,3.81e-06,0.00175
"RP11-557H15.4","OPALIN+ Oligodendrocytes",-1.05,5.15e-06,0.00178
"RP5-1198O20.4","OPALIN+ Oligodendrocytes",-1.49,1.04e-05,0.00223
"LINC01376","OPALIN+ Oligodendrocytes",-1.42,1.13e-05,0.00223
"RP11-305L7.3","OPALIN+ Oligodendrocytes",1.32,8.11e-06,0.00223
"LINC01630","OPALIN+ Oligodendrocytes",-0.661,2.6e-05,0.00399
"MCM3AP-AS1","OPALIN+ Oligodendrocytes",1.18,2.45e-05,0.00399
"RP11-319G6.1","OPALIN+ Oligodendrocytes",-0.654,3.53e-05,0.00488
"RP11-1129I3.1","OPALIN+ Oligodendrocytes",1.98,5.49e-05,0.00689
"RP4-676J13.2","OPALIN+ Oligodendrocytes",1.8,7.63e-05,0.00878
"CTD-2152M20.2","OPALIN+ Oligodendrocytes",1.14,0.000102,0.00883
"MIR325HG","OPALIN+ Oligodendrocytes",-0.862,8.88e-05,0.00883
"RP11-712L6.5","OPALIN+ Oligodendrocytes",1.72,9.67e-05,0.00883
"AC002117.1","OPALIN+ Oligodendrocytes",-0.833,9.84e-05,0.00883
"AC097724.3","OPALIN+ Oligodendrocytes",-1.49,0.000121,0.00926
"RP4-613B23.1","OPALIN+ Oligodendrocytes",-1.06,0.00012,0.00926
"RP11-384F7.2","OPALIN+ Oligodendrocytes",1.14,0.000146,0.0106
"AC009120.4","OPALIN+ Oligodendrocytes",-0.753,0.000161,0.0111
"LINC01099","OPALIN+ Oligodendrocytes",-0.856,0.00019,0.0125
"LUCAT1","OPALIN+ Oligodendrocytes",1.68,0.000203,0.0127
"RP11-407G23.7","OPALIN+ Oligodendrocytes",-1.57,0.000232,0.0139
"AC005237.4","OPALIN+ Oligodendrocytes",-2.28,0.000318,0.0176
"RP11-428O18.6","OPALIN+ Oligodendrocytes",-1.21,0.000317,0.0176
"MIR181A2HG","OPALIN+ Oligodendrocytes",-0.689,0.000342,0.0182
"AC079807.4","OPALIN+ Oligodendrocytes",-1.61,0.000411,0.0199
"RP11-584P21.2","OPALIN+ Oligodendrocytes",1.39,0.000396,0.0199
"GLIDR","OPALIN+ Oligodendrocytes",-0.856,0.000417,0.0199
"SMIM2-AS1","OPALIN+ Oligodendrocytes",-1.72,0.000437,0.0201
"RP11-84A19.4","OPALIN+ Oligodendrocytes",1.39,0.00051,0.0205
"AC144449.1","OPALIN+ Oligodendrocytes",-0.901,0.000508,0.0205
"RP11-527F13.1","OPALIN+ Oligodendrocytes",1.17,0.000535,0.0205
"BAALC-AS1","OPALIN+ Oligodendrocytes",1.82,0.000507,0.0205
"RP11-983P16.4","OPALIN+ Oligodendrocytes",-0.904,0.000472,0.0205
"RP11-60A24.3","OPALIN+ Oligodendrocytes",1.64,0.000529,0.0205
"CTD-2130O13.1","OPALIN+ Oligodendrocytes",2.51,0.000552,0.0206
"PVRL3-AS1","OPALIN+ Oligodendrocytes",-1.46,0.000608,0.0221
"KB-1460A1.5","OPALIN+ Oligodendrocytes",1.08,0.000655,0.0228
"RP11-563J2.2","OPALIN+ Oligodendrocytes",-2,0.000659,0.0228
"GDNF-AS1","OPALIN+ Oligodendrocytes",-1.25,0.000753,0.0247
"AZIN1-AS1","OPALIN+ Oligodendrocytes",-0.857,0.000769,0.0247
"IFNG-AS1","OPALIN+ Oligodendrocytes",-1.57,0.000746,0.0247
"LINC00862","OPALIN+ Oligodendrocytes",1.02,0.000848,0.026
"AC022182.1","OPALIN+ Oligodendrocytes",-1.23,0.000839,0.026
"P3H2-AS1","OPALIN+ Oligodendrocytes",1.49,0.00101,0.0303
"AC079135.1","OPALIN+ Oligodendrocytes",-1.68,0.0012,0.0344
"LINC01006","OPALIN+ Oligodendrocytes",-0.982,0.00117,0.0344
"AF146191.4","OPALIN+ Oligodendrocytes",0.571,0.00133,0.0375
"RP11-692D12.1","OPALIN+ Oligodendrocytes",-0.793,0.00137,0.0378
"AP001055.6","OPALIN+ Oligodendrocytes",-1.61,0.00141,0.0381
"LINC01481","OPALIN+ Oligodendrocytes",-0.585,0.00157,0.0418
"RP11-66B24.2","OPALIN+ Oligodendrocytes",0.776,0.00161,0.042
"RP11-99E15.2","OPALIN+ Oligodendrocytes",-0.69,0.00176,0.0449
"RP11-476H16.1","OPALIN+ Oligodendrocytes",1.37,0.00183,0.0459
"LINC00536","OPALIN+ Oligodendrocytes",0.877,0.00192,0.0472
"THUMPD3-AS1","OPALIN+ Oligodendrocytes",0.772,0.002,0.0486
"RP11-554F20.1","OPALIN+ Oligodendrocytes",-0.695,0.00206,0.049
